order,clade_path,source
Lycopodiales,Lycophytes,PPG I 2016 (doi:10.1111/jse.12229)
Isoetales,Lycophytes,PPG I 2016 (doi:10.1111/jse.12229)
Selaginellales,Lycophytes,PPG I 2016 (doi:10.1111/jse.12229)
Equisetales,Ferns,PPG I 2016 (doi:10.1111/jse.12229)
Ophioglossales,Ferns,PPG I 2016 (doi:10.1111/jse.12229)
Psilotales,Ferns,PPG I 2016 (doi:10.1111/jse.12229)
Marattiales,Ferns,PPG I 2016 (doi:10.1111/jse.12229)
Osmundales,Ferns,PPG I 2016 (doi:10.1111/jse.12229)
Hymenophyllales,Ferns,PPG I 2016 (doi:10.1111/jse.12229)
Gleicheniales,Ferns,PPG I 2016 (doi:10.1111/jse.12229)
Schizaeales,Ferns,PPG I 2016 (doi:10.1111/jse.12229)
Salviniales,Ferns,PPG I 2016 (doi:10.1111/jse.12229)
Cyatheales,Ferns,PPG I 2016 (doi:10.1111/jse.12229)
Polypodiales,Ferns,PPG I 2016 (doi:10.1111/jse.12229)
Cycadales,Gymnosperms,Christenhusz et al. 2011 Phytotaxa 19: 55-70 (doi:10.11646/phytotaxa.19.1.3); gymnosperms are outside APG IV
Gnetales,Gymnosperms,Christenhusz et al. 2011 Phytotaxa 19: 55-70 (doi:10.11646/phytotaxa.19.1.3); gymnosperms are outside APG IV
Ephedrales,Gymnosperms,Christenhusz et al. 2011 Phytotaxa 19: 55-70 (doi:10.11646/phytotaxa.19.1.3); gymnosperms are outside APG IV
Pinales,Gymnosperms,Christenhusz et al. 2011 Phytotaxa 19: 55-70 (doi:10.11646/phytotaxa.19.1.3); gymnosperms are outside APG IV
Nymphaeales,Angiosperms > ANA grade,APG IV 2016 (doi:10.1111/boj.12385)
Chloranthales,Angiosperms,APG IV 2016 (doi:10.1111/boj.12385)
Canellales,Angiosperms > Magnoliids,APG IV 2016 (doi:10.1111/boj.12385)
Piperales,Angiosperms > Magnoliids,APG IV 2016 (doi:10.1111/boj.12385)
Magnoliales,Angiosperms > Magnoliids,APG IV 2016 (doi:10.1111/boj.12385)
Laurales,Angiosperms > Magnoliids,APG IV 2016 (doi:10.1111/boj.12385)
Alismatales,Angiosperms > Monocots,APG IV 2016 (doi:10.1111/boj.12385)
Dioscoreales,Angiosperms > Monocots,APG IV 2016 (doi:10.1111/boj.12385)
Pandanales,Angiosperms > Monocots,APG IV 2016 (doi:10.1111/boj.12385)
Liliales,Angiosperms > Monocots,APG IV 2016 (doi:10.1111/boj.12385)
Asparagales,Angiosperms > Monocots,APG IV 2016 (doi:10.1111/boj.12385)
Arecales,Angiosperms > Monocots,APG IV 2016 (doi:10.1111/boj.12385)
Commelinales,Angiosperms > Monocots,APG IV 2016 (doi:10.1111/boj.12385)
Zingiberales,Angiosperms > Monocots,APG IV 2016 (doi:10.1111/boj.12385)
Poales,Angiosperms > Monocots,APG IV 2016 (doi:10.1111/boj.12385)
Ranunculales,Angiosperms > Eudicots,APG IV 2016 (doi:10.1111/boj.12385)
Proteales,Angiosperms > Eudicots,APG IV 2016 (doi:10.1111/boj.12385)
Buxales,Angiosperms > Eudicots,APG IV 2016 (doi:10.1111/boj.12385)
Gunnerales,Angiosperms > Eudicots,APG IV 2016 (doi:10.1111/boj.12385)
Dilleniales,Angiosperms > Eudicots,APG IV 2016 (doi:10.1111/boj.12385)
Saxifragales,Angiosperms > Eudicots > Superrosids,APG IV 2016 (doi:10.1111/boj.12385)
Vitales,Angiosperms > Eudicots > Superrosids,APG IV 2016 (doi:10.1111/boj.12385)
Zygophyllales,Angiosperms > Eudicots > Superrosids,APG IV 2016 (doi:10.1111/boj.12385)
Fabales,Angiosperms > Eudicots > Superrosids,APG IV 2016 (doi:10.1111/boj.12385)
Rosales,Angiosperms > Eudicots > Superrosids,APG IV 2016 (doi:10.1111/boj.12385)
Fagales,Angiosperms > Eudicots > Superrosids,APG IV 2016 (doi:10.1111/boj.12385)
Cucurbitales,Angiosperms > Eudicots > Superrosids,APG IV 2016 (doi:10.1111/boj.12385)
Celastrales,Angiosperms > Eudicots > Superrosids,APG IV 2016 (doi:10.1111/boj.12385)
Oxalidales,Angiosperms > Eudicots > Superrosids,APG IV 2016 (doi:10.1111/boj.12385)
Malpighiales,Angiosperms > Eudicots > Superrosids,APG IV 2016 (doi:10.1111/boj.12385)
Geraniales,Angiosperms > Eudicots > Superrosids,APG IV 2016 (doi:10.1111/boj.12385)
Myrtales,Angiosperms > Eudicots > Superrosids,APG IV 2016 (doi:10.1111/boj.12385)
Crossosomatales,Angiosperms > Eudicots > Superrosids,APG IV 2016 (doi:10.1111/boj.12385)
Picramniales,Angiosperms > Eudicots > Superrosids,APG IV 2016 (doi:10.1111/boj.12385)
Huerteales,Angiosperms > Eudicots > Superrosids,APG IV 2016 (doi:10.1111/boj.12385)
Sapindales,Angiosperms > Eudicots > Superrosids,APG IV 2016 (doi:10.1111/boj.12385)
Malvales,Angiosperms > Eudicots > Superrosids,APG IV 2016 (doi:10.1111/boj.12385)
Brassicales,Angiosperms > Eudicots > Superrosids,APG IV 2016 (doi:10.1111/boj.12385)
Santalales,Angiosperms > Eudicots > Superasterids,APG IV 2016 (doi:10.1111/boj.12385)
Caryophyllales,Angiosperms > Eudicots > Superasterids,APG IV 2016 (doi:10.1111/boj.12385)
Cornales,Angiosperms > Eudicots > Superasterids,APG IV 2016 (doi:10.1111/boj.12385)
Ericales,Angiosperms > Eudicots > Superasterids,APG IV 2016 (doi:10.1111/boj.12385)
Icacinales,Angiosperms > Eudicots > Superasterids,APG IV 2016 (doi:10.1111/boj.12385)
Metteniusales,Angiosperms > Eudicots > Superasterids,APG IV 2016 (doi:10.1111/boj.12385)
Gentianales,Angiosperms > Eudicots > Superasterids,APG IV 2016 (doi:10.1111/boj.12385)
Boraginales,Angiosperms > Eudicots > Superasterids,APG IV 2016 (doi:10.1111/boj.12385)
Solanales,Angiosperms > Eudicots > Superasterids,APG IV 2016 (doi:10.1111/boj.12385)
Lamiales,Angiosperms > Eudicots > Superasterids,APG IV 2016 (doi:10.1111/boj.12385)
Aquifoliales,Angiosperms > Eudicots > Superasterids,APG IV 2016 (doi:10.1111/boj.12385)
Cardiopteridales,Angiosperms > Eudicots > Superasterids,APG IV 2016 (doi:10.1111/boj.12385) places Cardiopteridaceae in Aquifoliales (campanulids); the order name comes from the Kew Tree of Life labels used by the ETL
Asterales,Angiosperms > Eudicots > Superasterids,APG IV 2016 (doi:10.1111/boj.12385)
Escalloniales,Angiosperms > Eudicots > Superasterids,APG IV 2016 (doi:10.1111/boj.12385)
Bruniales,Angiosperms > Eudicots > Superasterids,APG IV 2016 (doi:10.1111/boj.12385)
Dipsacales,Angiosperms > Eudicots > Superasterids,APG IV 2016 (doi:10.1111/boj.12385)
Apiales,Angiosperms > Eudicots > Superasterids,APG IV 2016 (doi:10.1111/boj.12385)
